{"cameraMode":{"drawMode":0,"name":"Shaded","section":"Shading Mode"},"sceneLighting":true,"audioPlay":false,"sceneViewState":{"m_AlwaysRefresh":false,"showFog":true,"showSkybox":true,"showFlares":true,"showImageEffects":true,"showParticleSystems":true,"showVisualEffectGraphs":true,"m_FxEnabled":true},"in2DMode":false,"pivot":{"x":339.4843444824219,"y":128.73924255371095,"z":161.1811981201172},"rotation":{"x":-0.1689814031124115,"y":-0.014195221476256848,"z":0.0024452991783618929,"w":-0.985540509223938},"size":52.32440185546875,"orthographic":false}